<?xml version="1.0" encoding="UTF-8" standalone="no"?>
<feature id="org.wso2.carbon.event.input.adapter.websocket.local.server" label="WSO2 Carbon - Event Input Websocket - Local Adapter Server Feature" provider-name="%providerName" version="1.0.0.SNAPSHOT">
  <description>This feature contains the bundles required for Input Websocket - Local Event Adapter functionality</description>
  <copyright>%copyright</copyright>
  <license url="%licenseURL">%license</license>
  <plugin id="org.wso2.carbon.event.input.adapter.websocket.local" unpack="false" version="1.0.0.SNAPSHOT"/>
  <require>
    <import feature="org.wso2.carbon.core.server" match="equivalent" version="4.4.0"/>
  </require>
</feature>
